{
    "venusaur": {
        "level": 82,
        "moves": ["curse", "earthquake", "hiddenpowerrock", "leechseed", "sleeppowder", "sludgebomb", "swordsdance", "synthesis"]
    },
    "charizard": {
        "level": 80,
        "moves": ["bellydrum", "dragondance", "earthquake", "fireblast", "hiddenpowerflying", "substitute"]
    },
    "blastoise": {
        "level": 83,
        "moves": ["earthquake", "icebeam", "mirrorcoat", "rest", "roar", "sleeptalk", "surf", "toxic"]
    },
    "butterfree": {
        "level": 92,
        "moves": ["gigadrain", "hiddenpowerfire", "morningsun", "psychic", "sleeppowder", "stunspore", "toxic"]
    },
    "beedrill": {
        "level": 90,
        "moves": ["brickbreak", "doubleedge", "endure", "hiddenpowerbug", "sludgebomb", "swordsdance"]
    },
    "pidgeot": {
        "level": 87,
        "moves": ["aerialace", "hiddenpowerground", "quickattack", "return", "substitute", "toxic"]
    },
    "raticate": {
        "level": 88,
        "moves": ["endeavor", "hiddenpowerground", "quickattack", "return", "reversal", "shadowball", "substitute"]
    },
    "fearow": {
        "level": 85,
        "moves": ["agility", "batonpass", "drillpeck", "hiddenpowerground", "quickattack", "return", "substitute"]
    },
    "arbok": {
        "level": 90,
        "moves": ["doubleedge", "earthquake", "hiddenpowerfire", "rest", "rockslide", "sleeptalk", "sludgebomb"]
    },
    "pikachu": {
        "level": 88,
        "moves": ["hiddenpowerice", "substitute", "surf", "thunderbolt"]
    },
    "raichu": {
        "level": 84,
        "moves": ["encore", "focuspunch", "hiddenpowergrass", "hiddenpowerice", "substitute", "surf", "thunderbolt", "thunderwave"]
    },
    "sandslash": {
        "level": 84,
        "moves": ["earthquake", "hiddenpowerbug", "rapidspin", "rockslide", "swordsdance", "toxic"]
    },
    "nidoqueen": {
        "level": 84,
        "moves": ["earthquake", "fireblast", "icebeam", "shadowball", "sludgebomb", "superpower"]
    },
    "nidoking": {
        "level": 83,
        "moves": ["earthquake", "fireblast", "icebeam", "megahorn", "sludgebomb", "substitute", "thunderbolt"]
    },
    "clefable": {
        "level": 84,
        "moves": ["calmmind", "counter", "icebeam", "return", "shadowball", "softboiled", "thunderbolt", "thunderwave"]
    },
    "ninetales": {
        "level": 83,
        "moves": ["fireblast", "flamethrower", "hiddenpowergrass", "hypnosis", "substitute", "toxic", "willowisp"]
    },
    "wigglytuff": {
        "level": 90,
        "moves": ["fireblast", "icebeam", "protect", "return", "thunderbolt", "toxic", "wish"]
    },
    "vileplume": {
        "level": 85,
        "moves": ["aromatherapy", "hiddenpowerfire", "sleeppowder", "sludgebomb", "solarbeam", "sunnyday", "synthesis"]
    },
    "parasect": {
        "level": 93,
        "moves": ["aromatherapy", "gigadrain", "hiddenpowerbug", "return", "spore", "stunspore", "swordsdance"]
    },
    "venomoth": {
        "level": 88,
        "moves": ["batonpass", "hiddenpowerground", "signalbeam", "sleeppowder", "sludgebomb", "substitute"]
    },
    "dugtrio": {
        "level": 81,
        "moves": ["aerialace", "earthquake", "hiddenpowerbug", "rockslide", "substitute"]
    },
    "persian": {
        "level": 85,
        "moves": ["fakeout", "hiddenpowerground", "hypnosis", "irontail", "return", "shadowball", "substitute"]
    },
    "golduck": {
        "level": 83,
        "moves": ["calmmind", "hiddenpowergrass", "hydropump", "hypnosis", "icebeam", "substitute", "surf"]
    },
    "primeape": {
        "level": 85,
        "moves": ["bulkup", "crosschop", "earthquake", "hiddenpowerghost", "rockslide", "substitute"]
    },
    "arcanine": {
        "level": 83,
        "moves": ["extremespeed", "fireblast", "flamethrower", "hiddenpowergrass", "rest", "sleeptalk", "toxic"]
    },
    "poliwrath": {
        "level": 84,
        "moves": ["brickbreak", "bulkup", "hiddenpowerghost", "hydropump", "hypnosis", "icebeam", "substitute"]
    },
    "alakazam": {
        "level": 81,
        "moves": ["calmmind", "encore", "firepunch", "icepunch", "psychic", "recover", "substitute"]
    },
    "machamp": {
        "level": 83,
        "moves": ["bulkup", "crosschop", "earthquake", "hiddenpowerghost", "rest", "rockslide", "sleeptalk"]
    },
    "victreebel": {
        "level": 84,
        "moves": ["hiddenpowerfire", "sleeppowder", "sludgebomb", "solarbeam", "sunnyday"]
    },
    "tentacruel": {
        "level": 83,
        "moves": ["gigadrain", "haze", "hydropump", "icebeam", "rapidspin", "surf", "toxic"]
    },
    "golem": {
        "level": 84,
        "moves": ["doubleedge", "earthquake", "explosion", "hiddenpowerbug", "rockslide", "toxic"]
    },
    "rapidash": {
        "level": 84,
        "moves": ["fireblast", "hiddenpowergrass", "hiddenpowerrock", "substitute", "toxic"]
    },
    "slowbro": {
        "level": 82,
        "moves": ["calmmind", "fireblast", "icebeam", "psychic", "rest", "sleeptalk", "surf", "thunderwave"]
    },
    "magneton": {
        "level": 83,
        "moves": ["hiddenpowergrass", "hiddenpowerice", "rest", "sleeptalk", "thunderbolt", "toxic"]
    },
    "farfetchd": {
        "level": 93,
        "moves": ["agility", "batonpass", "hiddenpowerflying", "return", "swordsdance"]
    },
    "dodrio": {
        "level": 82,
        "moves": ["drillpeck", "flail", "hiddenpowerground", "quickattack", "return", "substitute"]
    },
    "dewgong": {
        "level": 88,
        "moves": ["encore", "hiddenpowergrass", "icebeam", "rest", "sleeptalk", "surf", "toxic"]
    },
    "muk": {
        "level": 84,
        "moves": ["brickbreak", "curse", "explosion", "fireblast", "hiddenpowerghost", "rest", "sludgebomb"]
    },
    "cloyster": {
        "level": 80,
        "moves": ["explosion", "icebeam", "rapidspin", "spikes", "surf", "toxic"]
    },
    "gengar": {
        "level": 79,
        "moves": ["destinybond", "explosion", "firepunch", "hypnosis", "icepunch", "substitute", "thunderbolt", "willowisp"]
    },
    "hypno": {
        "level": 84,
        "moves": ["batonpass", "calmmind", "firepunch", "hypnosis", "protect", "psychic", "toxic", "wish"]
    },
    "kingler": {
        "level": 90,
        "moves": ["doubleedge", "hiddenpowerghost", "hiddenpowerground", "surf", "swordsdance"]
    },
    "electrode": {
        "level": 84,
        "moves": ["explosion", "hiddenpowergrass", "hiddenpowerice", "substitute", "thunderbolt", "thunderwave", "toxic"]
    },
    "exeggutor": {
        "level": 82,
        "moves": ["explosion", "gigadrain", "hiddenpowerfire", "hiddenpowerice", "leechseed", "psychic", "sleeppowder", "solarbeam", "sunnyday"]
    },
    "marowak": {
        "level": 82,
        "moves": ["bonemerang", "doubleedge", "earthquake", "rockslide", "swordsdance"]
    },
    "hitmonlee": {
        "level": 85,
        "moves": ["bulkup", "earthquake", "hiddenpowerghost", "highjumpkick", "machpunch", "rockslide", "substitute"]
    },
    "hitmonchan": {
        "level": 88,
        "moves": ["bulkup", "earthquake", "hiddenpowerghost", "machpunch", "rapidspin", "skyuppercut", "toxic"]
    },
    "lickitung": {
        "level": 90,
        "moves": ["counter", "healbell", "protect", "return", "seismictoss", "toxic", "wish"]
    },
    "weezing": {
        "level": 82,
        "moves": ["explosion", "fireblast", "haze", "painsplit", "sludgebomb", "toxic", "willowisp"]
    },
    "rhydon": {
        "level": 84,
        "moves": ["doubleedge", "earthquake", "megahorn", "rockslide", "substitute", "swordsdance"]
    },
    "tangela": {
        "level": 90,
        "moves": ["hiddenpowergrass", "leechseed", "morningsun", "sleeppowder", "stunspore"]
    },
    "kangaskhan": {
        "level": 81,
        "moves": ["earthquake", "fakeout", "focuspunch", "rest", "return", "shadowball", "substitute", "toxic"]
    },
    "seaking": {
        "level": 90,
        "moves": ["hiddenpowergrass", "hydropump", "icebeam", "megahorn", "raindance"]
    },
    "starmie": {
        "level": 77,
        "moves": ["hydropump", "icebeam", "psychic", "recover", "surf", "thunderbolt"]
    },
    "mrmime": {
        "level": 84,
        "moves": ["barrier", "batonpass", "calmmind", "encore", "firepunch", "hypnosis", "psychic", "substitute", "thunderbolt"]
    },
    "scyther": {
        "level": 81,
        "moves": ["aerialace", "batonpass", "hiddenpowerground", "hiddenpowerrock", "quickattack", "silverwind", "swordsdance"]
    },
    "jynx": {
        "level": 82,
        "moves": ["calmmind", "hiddenpowerfire", "icebeam", "lovelykiss", "psychic", "substitute"]
    },
    "electabuzz": {
        "level": 84,
        "moves": ["crosschop", "firepunch", "focuspunch", "hiddenpowergrass", "icepunch", "substitute", "thunderbolt"]
    },
    "magmar": {
        "level": 84,
        "moves": ["crosschop", "fireblast", "flamethrower", "hiddenpowergrass", "psychic", "substitute", "thunderpunch"]
    },
    "pinsir": {
        "level": 83,
        "moves": ["earthquake", "hiddenpowerbug", "return", "rockslide", "swordsdance"]
    },
    "tauros": {
        "level": 79,
        "moves": ["doubleedge", "earthquake", "hiddenpowerghost", "hiddenpowerrock", "return"]
    },
    "gyarados": {
        "level": 78,
        "moves": ["doubleedge", "dragondance", "earthquake", "hiddenpowerflying", "hydropump", "taunt"]
    },
    "lapras": {
        "level": 82,
        "moves": ["healbell", "icebeam", "rest", "sleeptalk", "surf", "thunderbolt", "toxic"]
    },
    "ditto": {
        "level": 100,
        "moves": ["transform"]
    },
    "vaporeon": {
        "level": 82,
        "moves": ["icebeam", "protect", "surf", "toxic", "wish"]
    },
    "jolteon": {
        "level": 80,
        "moves": ["batonpass", "hiddenpowerice", "substitute", "thunderbolt", "toxic", "wish"]
    },
    "flareon": {
        "level": 88,
        "moves": ["doubleedge", "fireblast", "hiddenpowergrass", "protect", "shadowball", "toxic", "wish"]
    },
    "omastar": {
        "level": 84,
        "moves": ["hiddenpowergrass", "hydropump", "icebeam", "raindance", "spikes", "surf"]
    },
    "kabutops": {
        "level": 84,
        "moves": ["brickbreak", "doubleedge", "hiddenpowerground", "rockslide", "surf", "swordsdance"]
    },
    "aerodactyl": {
        "level": 78,
        "moves": ["doubleedge", "earthquake", "hiddenpowerflying", "rockslide", "substitute"]
    },
    "snorlax": {
        "level": 77,
        "moves": ["bodyslam", "curse", "earthquake", "rest", "return", "selfdestruct", "shadowball", "sleeptalk"]
    },
    "articuno": {
        "level": 82,
        "moves": ["healbell", "hiddenpowerfire", "icebeam", "protect", "rest", "roar", "sleeptalk", "toxic"]
    },
    "zapdos": {
        "level": 78,
        "moves": ["agility", "batonpass", "hiddenpowerice", "substitute", "thunderbolt", "thunderwave", "toxic"]
    },
    "moltres": {
        "level": 80,
        "moves": ["fireblast", "flamethrower", "hiddenpowergrass", "morningsun", "substitute", "toxic", "willowisp"]
    },
    "dragonite": {
        "level": 81,
        "moves": ["doubleedge", "dragondance", "earthquake", "flamethrower", "healbell", "hiddenpowerflying", "icebeam", "substitute"]
    },
    "mewtwo": {
        "level": 67,
        "moves": ["calmmind", "flamethrower", "icebeam", "psychic", "recover", "substitute", "thunderbolt"]
    },
    "mew": {
        "level": 75,
        "moves": ["calmmind", "explosion", "flamethrower", "icebeam", "psychic", "softboiled", "thunderbolt", "thunderwave", "transform"]
    },
    "meganium": {
        "level": 84,
        "moves": ["bodyslam", "hiddenpowergrass", "leechseed", "synthesis", "toxic"]
    },
    "typhlosion": {
        "level": 82,
        "moves": ["fireblast", "flamethrower", "focuspunch", "hiddenpowergrass", "hiddenpowerice", "substitute", "thunderpunch"]
    },
    "feraligatr": {
        "level": 84,
        "moves": ["earthquake", "hiddenpowerflying", "hydropump", "rockslide", "swordsdance"]
    },
    "furret": {
        "level": 90,
        "moves": ["doubleedge", "quickattack", "return", "reversal", "shadowball", "substitute", "trick"]
    },
    "noctowl": {
        "level": 90,
        "moves": ["hypnosis", "psychic", "reflect", "toxic", "whirlwind"]
    },
    "ledian": {
        "level": 93,
        "moves": ["agility", "batonpass", "lightscreen", "reflect", "silverwind", "swordsdance", "toxic"]
    },
    "ariados": {
        "level": 91,
        "moves": ["agility", "batonpass", "signalbeam", "sludgebomb", "spiderweb", "toxic"]
    },
    "crobat": {
        "level": 82,
        "moves": ["aerialace", "haze", "hiddenpowerground", "shadowball", "sludgebomb", "taunt", "toxic"]
    },
    "lanturn": {
        "level": 84,
        "moves": ["confuseray", "icebeam", "rest", "sleeptalk", "surf", "thunderbolt", "thunderwave", "toxic"]
    },
    "togetic": {
        "level": 90,
        "moves": ["charm", "encore", "flamethrower", "seismictoss", "softboiled", "thunderwave", "toxic"]
    },
    "xatu": {
        "level": 84,
        "moves": ["batonpass", "calmmind", "hiddenpowerfire", "psychic", "reflect", "wish"]
    },
    "ampharos": {
        "level": 84,
        "moves": ["firepunch", "healbell", "hiddenpowergrass", "hiddenpowerice", "thunderbolt", "toxic"]
    },
    "bellossom": {
        "level": 88,
        "moves": ["hiddenpowergrass", "leechseed", "moonlight", "sleeppowder", "sludgebomb", "stunspore"]
    },
    "azumarill": {
        "level": 85,
        "moves": ["brickbreak", "encore", "hiddenpowerghost", "hydropump", "return"]
    },
    "sudowoodo": {
        "level": 89,
        "moves": ["brickbreak", "doubleedge", "earthquake", "explosion", "rockslide", "toxic"]
    },
    "politoed": {
        "level": 84,
        "moves": ["hiddenpowergrass", "hypnosis", "icebeam", "rest", "surf", "toxic"]
    },
    "jumpluff": {
        "level": 84,
        "moves": ["encore", "hiddenpowerflying", "leechseed", "sleeppowder", "substitute", "toxic"]
    },
    "aipom": {
        "level": 90,
        "moves": ["batonpass", "doubleedge", "focuspunch", "shadowball", "substitute", "thunderwave"]
    },
    "sunflora": {
        "level": 91,
        "moves": ["hiddenpowerfire", "leechseed", "razorleaf", "synthesis", "toxic"]
    },
    "yanma": {
        "level": 90,
        "moves": ["hiddenpowerflying", "hypnosis", "reversal", "shadowball", "substitute"]
    },
    "quagsire": {
        "level": 84,
        "moves": ["counter", "curse", "earthquake", "hiddenpowerrock", "icebeam", "rest", "surf", "toxic"]
    },
    "espeon": {
        "level": 80,
        "moves": ["batonpass", "calmmind", "hiddenpowerfire", "morningsun", "psychic", "reflect"]
    },
    "umbreon": {
        "level": 83,
        "moves": ["batonpass", "hiddenpowerdark", "protect", "toxic", "wish"]
    },
    "murkrow": {
        "level": 90,
        "moves": ["doubleedge", "drillpeck", "hiddenpowerfighting", "hiddenpowerground", "meanlook", "perishsong", "protect", "shadowball", "substitute"]
    },
    "slowking": {
        "level": 84,
        "moves": ["calmmind", "flamethrower", "icebeam", "psychic", "rest", "sleeptalk", "surf", "thunderwave"]
    },
    "misdreavus": {
        "level": 84,
        "moves": ["calmmind", "hiddenpowerice", "meanlook", "perishsong", "protect", "substitute", "thunderbolt", "toxic"]
    },
    "unown": {
        "level": 100,
        "moves": ["hiddenpowerpsychic"]
    },
    "wobbuffet": {
        "level": 78,
        "moves": ["counter", "destinybond", "encore", "mirrorcoat"]
    },
    "girafarig": {
        "level": 85,
        "moves": ["agility", "batonpass", "calmmind", "psychic", "substitute", "thunderbolt", "thunderwave", "wish"]
    },
    "forretress": {
        "level": 80,
        "moves": ["earthquake", "explosion", "hiddenpowerbug", "rapidspin", "spikes", "toxic"]
    },
    "dunsparce": {
        "level": 88,
        "moves": ["bodyslam", "curse", "headbutt", "rest", "rockslide", "shadowball", "thunderwave"]
    },
    "gligar": {
        "level": 84,
        "moves": ["earthquake", "hiddenpowerflying", "irontail", "quickattack", "rockslide", "substitute", "swordsdance"]
    },
    "steelix": {
        "level": 82,
        "moves": ["doubleedge", "earthquake", "explosion", "hiddenpowerrock", "irontail", "rest", "roar", "toxic"]
    },
    "granbull": {
        "level": 84,
        "moves": ["bulkup", "earthquake", "healbell", "overheat", "rest", "return", "shadowball", "thunderwave"]
    },
    "qwilfish": {
        "level": 84,
        "moves": ["destinybond", "hydropump", "selfdestruct", "shadowball", "sludgebomb", "spikes", "swordsdance"]
    },
    "scizor": {
        "level": 82,
        "moves": ["agility", "batonpass", "hiddenpowerground", "hiddenpowerrock", "morningsun", "silverwind", "steelwing", "swordsdance"]
    },
    "shuckle": {
        "level": 93,
        "moves": ["encore", "rest", "toxic", "wrap"]
    },
    "heracross": {
        "level": 80,
        "moves": ["brickbreak", "focuspunch", "megahorn", "rest", "rockslide", "sleeptalk", "substitute", "swordsdance"]
    },
    "sneasel": {
        "level": 84,
        "moves": ["brickbreak", "doubleedge", "hiddenpowerflying", "shadowball", "substitute", "swordsdance"]
    },
    "ursaring": {
        "level": 82,
        "moves": ["earthquake", "focuspunch", "hiddenpowerghost", "return", "swordsdance"]
    },
    "magcargo": {
        "level": 91,
        "moves": ["fireblast", "hiddenpowergrass", "rest", "sleeptalk", "toxic", "yawn"]
    },
    "piloswine": {
        "level": 88,
        "moves": ["doubleedge", "earthquake", "icebeam", "protect", "rockslide", "toxic"]
    },
    "corsola": {
        "level": 92,
        "moves": ["calmmind", "icebeam", "recover", "surf", "toxic"]
    },
    "octillery": {
        "level": 88,
        "moves": ["fireblast", "hiddenpowergrass", "icebeam", "rockblast", "surf", "thunderwave"]
    },
    "delibird": {
        "level": 93,
        "moves": ["aerialace", "focuspunch", "hiddenpowerground", "icebeam", "quickattack"]
    },
    "mantine": {
        "level": 84,
        "moves": ["haze", "hiddenpowergrass", "icebeam", "raindance", "rest", "sleeptalk", "surf", "toxic"]
    },
    "skarmory": {
        "level": 80,
        "moves": ["drillpeck", "hiddenpowerground", "protect", "rest", "sleeptalk", "spikes", "toxic", "whirlwind"]
    },
    "houndoom": {
        "level": 82,
        "moves": ["crunch", "fireblast", "flamethrower", "hiddenpowergrass", "pursuit", "willowisp"]
    },
    "kingdra": {
        "level": 82,
        "moves": ["hiddenpowergrass", "hydropump", "icebeam", "raindance", "substitute", "surf"]
    },
    "donphan": {
        "level": 82,
        "moves": ["earthquake", "rapidspin", "rest", "rockslide", "sleeptalk", "toxic"]
    },
    "porygon2": {
        "level": 82,
        "moves": ["icebeam", "recover", "return", "thunderbolt", "thunderwave", "toxic"]
    },
    "stantler": {
        "level": 84,
        "moves": ["earthquake", "hypnosis", "return", "shadowball", "thunderbolt"]
    },
    "smeargle": {
        "level": 84,
        "moves": ["encore", "explosion", "spikes", "spore"]
    },
    "hitmontop": {
        "level": 85,
        "moves": ["bulkup", "earthquake", "hiddenpowerghost", "highjumpkick", "machpunch", "rockslide", "toxic"]
    },
    "miltank": {
        "level": 79,
        "moves": ["bodyslam", "curse", "earthquake", "healbell", "milkdrink", "toxic"]
    },
    "blissey": {
        "level": 80,
        "moves": ["aromatherapy", "calmmind", "icebeam", "seismictoss", "softboiled", "thunderbolt", "thunderwave", "toxic"]
    },
    "raikou": {
        "level": 77,
        "moves": ["calmmind", "crunch", "hiddenpowergrass", "hiddenpowerice", "rest", "sleeptalk", "substitute", "thunderbolt"]
    },
    "entei": {
        "level": 81,
        "moves": ["bodyslam", "calmmind", "fireblast", "flamethrower", "hiddenpowergrass", "hiddenpowerice", "solarbeam", "substitute", "sunnyday"]
    },
    "suicune": {
        "level": 77,
        "moves": ["calmmind", "icebeam", "rest", "sleeptalk", "substitute", "surf", "toxic"]
    },
    "tyranitar": {
        "level": 78,
        "moves": ["dragondance", "earthquake", "fireblast", "focuspunch", "hiddenpowerbug", "icebeam", "pursuit", "rockslide", "substitute"]
    },
    "lugia": {
        "level": 72,
        "moves": ["aeroblast", "calmmind", "earthquake", "icebeam", "recover", "substitute", "thunderbolt", "toxic"]
    },
    "hooh": {
        "level": 73,
        "moves": ["calmmind", "earthquake", "recover", "sacredfire", "substitute", "thunderbolt", "toxic"]
    },
    "celebi": {
        "level": 77,
        "moves": ["batonpass", "calmmind", "healbell", "hiddenpowergrass", "leechseed", "psychic", "recover"]
    },
    "sceptile": {
        "level": 82,
        "moves": ["focuspunch", "hiddenpowerice", "leafblade", "leechseed", "substitute", "thunderpunch"]
    },
    "blaziken": {
        "level": 82,
        "moves": ["endure", "fireblast", "hiddenpowerice", "reversal", "rockslide", "skyuppercut", "swordsdance", "thunderpunch"]
    },
    "swampert": {
        "level": 80,
        "moves": ["earthquake", "hydropump", "icebeam", "protect", "rest", "rockslide", "sleeptalk", "surf", "toxic"]
    },
    "mightyena": {
        "level": 90,
        "moves": ["crunch", "doubleedge", "healbell", "hiddenpowerfighting", "protect", "shadowball", "toxic"]
    },
    "linoone": {
        "level": 84,
        "moves": ["bellydrum", "extremespeed", "flail", "hiddenpowerground", "shadowball", "substitute"]
    },
    "beautifly": {
        "level": 94,
        "moves": ["hiddenpowerbug", "hiddenpowerflying", "morningsun", "stunspore", "substitute", "toxic"]
    },
    "dustox": {
        "level": 92,
        "moves": ["hiddenpowerground", "lightscreen", "moonlight", "sludgebomb", "toxic", "whirlwind"]
    },
    "ludicolo": {
        "level": 82,
        "moves": ["hiddenpowergrass", "icebeam", "leechseed", "raindance", "substitute", "surf"]
    },
    "shiftry": {
        "level": 85,
        "moves": ["brickbreak", "explosion", "shadowball", "swordsdance"]
    },
    "swellow": {
        "level": 82,
        "moves": ["aerialace", "doubleedge", "hiddenpowerfighting", "hiddenpowerground", "quickattack", "return"]
    },
    "pelipper": {
        "level": 88,
        "moves": ["icebeam", "protect", "rest", "sleeptalk", "surf", "toxic"]
    },
    "gardevoir": {
        "level": 81,
        "moves": ["calmmind", "firepunch", "hypnosis", "psychic", "substitute", "thunderbolt", "willowisp"]
    },
    "masquerain": {
        "level": 90,
        "moves": ["hydropump", "icebeam", "stunspore", "substitute", "toxic"]
    },
    "breloom": {
        "level": 83,
        "moves": ["focuspunch", "hiddenpowerghost", "hiddenpowerrock", "leechseed", "machpunch", "skyuppercut", "spore", "substitute", "swordsdance"]
    },
    "vigoroth": {
        "level": 86,
        "moves": ["brickbreak", "bulkup", "earthquake", "return", "shadowball", "slackoff"]
    },
    "slaking": {
        "level": 81,
        "moves": ["doubleedge", "earthquake", "focuspunch", "return", "shadowball"]
    },
    "ninjask": {
        "level": 84,
        "moves": ["aerialace", "batonpass", "hiddenpowerrock", "protect", "silverwind", "substitute", "swordsdance"]
    },
    "shedinja": {
        "level": 90,
        "moves": ["agility", "batonpass", "hiddenpowerground", "shadowball", "silverwind", "toxic"]
    },
    "exploud": {
        "level": 84,
        "moves": ["earthquake", "flamethrower", "icebeam", "overheat", "return", "shadowball", "substitute"]
    },
    "hariyama": {
        "level": 82,
        "moves": ["bulkup", "crosschop", "fakeout", "hiddenpowerghost", "rest", "rockslide", "sleeptalk"]
    },
    "nosepass": {
        "level": 91,
        "moves": ["earthquake", "explosion", "rockslide", "thunderwave", "toxic"]
    },
    "delcatty": {
        "level": 91,
        "moves": ["batonpass", "doubleedge", "healbell", "thunderwave", "wish"]
    },
    "sableye": {
        "level": 89,
        "moves": ["knockoff", "recover", "seismictoss", "shadowball", "toxic"]
    },
    "mawile": {
        "level": 93,
        "moves": ["batonpass", "brickbreak", "focuspunch", "hiddenpowersteel", "rockslide", "substitute", "swordsdance", "toxic"]
    },
    "aggron": {
        "level": 84,
        "moves": ["doubleedge", "earthquake", "focuspunch", "irontail", "rockslide", "substitute", "thunderwave", "toxic"]
    },
    "medicham": {
        "level": 82,
        "moves": ["brickbreak", "bulkup", "recover", "rockslide", "shadowball", "substitute"]
    },
    "manectric": {
        "level": 84,
        "moves": ["crunch", "hiddenpowergrass", "hiddenpowerice", "substitute", "thunderbolt", "thunderwave"]
    },
    "plusle": {
        "level": 88,
        "moves": ["agility", "batonpass", "encore", "hiddenpowergrass", "substitute", "thunderbolt", "toxic"]
    },
    "minun": {
        "level": 90,
        "moves": ["batonpass", "encore", "hiddenpowerice", "lightscreen", "substitute", "thunderbolt", "wish"]
    },
    "volbeat": {
        "level": 91,
        "moves": ["batonpass", "icepunch", "tailglow", "thunderbolt"]
    },
    "illumise": {
        "level": 92,
        "moves": ["batonpass", "encore", "icepunch", "substitute", "thunderwave", "wish"]
    },
    "roselia": {
        "level": 91,
        "moves": ["aromatherapy", "gigadrain", "hiddenpowerfire", "spikes", "stunspore", "synthesis"]
    },
    "swalot": {
        "level": 90,
        "moves": ["encore", "explosion", "hiddenpowerground", "icebeam", "sludgebomb", "toxic", "yawn"]
    },
    "sharpedo": {
        "level": 84,
        "moves": ["crunch", "earthquake", "endure", "hiddenpowerflying", "hydropump", "icebeam", "return"]
    },
    "wailord": {
        "level": 88,
        "moves": ["hiddenpowergrass", "icebeam", "rest", "selfdestruct", "sleeptalk", "surf", "toxic"]
    },
    "camerupt": {
        "level": 84,
        "moves": ["earthquake", "explosion", "fireblast", "rest", "rockslide", "sleeptalk", "toxic"]
    },
    "torkoal": {
        "level": 89,
        "moves": ["explosion", "fireblast", "flamethrower", "hiddenpowergrass", "rest", "toxic", "yawn"]
    },
    "grumpig": {
        "level": 84,
        "moves": ["calmmind", "firepunch", "icywind", "psychic", "substitute", "taunt"]
    },
    "spinda": {
        "level": 93,
        "moves": ["bodyslam", "encore", "focuspunch", "shadowball", "substitute", "teeterdance", "toxic"]
    },
    "flygon": {
        "level": 80,
        "moves": ["dragonclaw", "earthquake", "fireblast", "hiddenpowerbug", "rockslide", "substitute", "toxic"]
    },
    "cacturne": {
        "level": 90,
        "moves": ["focuspunch", "hiddenpowerdark", "leechseed", "needlearm", "spikes", "substitute", "thunderpunch"]
    },
    "altaria": {
        "level": 84,
        "moves": ["dragonclaw", "dragondance", "earthquake", "fireblast", "flamethrower", "haze", "hiddenpowerflying", "rest", "toxic"]
    },
    "zangoose": {
        "level": 81,
        "moves": ["brickbreak", "quickattack", "return", "shadowball", "swordsdance"]
    },
    "seviper": {
        "level": 90,
        "moves": ["crunch", "doubleedge", "earthquake", "flamethrower", "hiddenpowergrass", "sludgebomb"]
    },
    "lunatone": {
        "level": 84,
        "moves": ["batonpass", "calmmind", "explosion", "hypnosis", "icebeam", "psychic"]
    },
    "solrock": {
        "level": 85,
        "moves": ["earthquake", "explosion", "overheat", "reflect", "rockslide", "shadowball"]
    },
    "whiscash": {
        "level": 87,
        "moves": ["earthquake", "hiddenpowerbug", "icebeam", "rest", "rockslide", "sleeptalk", "spark", "surf", "toxic"]
    },
    "crawdaunt": {
        "level": 88,
        "moves": ["brickbreak", "crunch", "doubleedge", "hiddenpowerghost", "icebeam", "surf"]
    },
    "claydol": {
        "level": 80,
        "moves": ["earthquake", "explosion", "icebeam", "psychic", "rapidspin", "toxic"]
    },
    "cradily": {
        "level": 84,
        "moves": ["barrier", "earthquake", "hiddenpowergrass", "mirrorcoat", "recover", "rockslide", "toxic"]
    },
    "armaldo": {
        "level": 82,
        "moves": ["doubleedge", "earthquake", "hiddenpowerbug", "rockslide", "swordsdance"]
    },
    "milotic": {
        "level": 79,
        "moves": ["icebeam", "mirrorcoat", "recover", "surf", "toxic"]
    },
    "castform": {
        "level": 90,
        "moves": ["flamethrower", "icebeam", "substitute", "thunderbolt", "thunderwave"]
    },
    "kecleon": {
        "level": 89,
        "moves": ["brickbreak", "return", "shadowball", "thunderwave", "trick"]
    },
    "banette": {
        "level": 85,
        "moves": ["destinybond", "endure", "hiddenpowerfighting", "knockoff", "shadowball", "willowisp"]
    },
    "dusclops": {
        "level": 85,
        "moves": ["focuspunch", "icebeam", "painsplit", "rest", "shadowball", "sleeptalk", "substitute", "willowisp"]
    },
    "tropius": {
        "level": 91,
        "moves": ["hiddenpowerfire", "solarbeam", "sunnyday", "synthesis"]
    },
    "chimecho": {
        "level": 88,
        "moves": ["calmmind", "healbell", "hiddenpowerfire", "lightscreen", "psychic", "reflect", "toxic", "yawn"]
    },
    "absol": {
        "level": 85,
        "moves": ["batonpass", "hiddenpowerfighting", "quickattack", "shadowball", "swordsdance"]
    },
    "glalie": {
        "level": 87,
        "moves": ["earthquake", "explosion", "icebeam", "spikes", "toxic"]
    },
    "walrein": {
        "level": 83,
        "moves": ["encore", "hiddenpowergrass", "icebeam", "rest", "sleeptalk", "surf", "toxic"]
    },
    "huntail": {
        "level": 88,
        "moves": ["doubleedge", "hiddenpowergrass", "hydropump", "icebeam", "raindance", "surf"]
    },
    "gorebyss": {
        "level": 84,
        "moves": ["hiddenpowerelectric", "hiddenpowergrass", "hydropump", "icebeam", "raindance", "surf"]
    },
    "relicanth": {
        "level": 88,
        "moves": ["doubleedge", "earthquake", "hiddenpowerflying", "rest", "rockslide", "sleeptalk", "toxic"]
    },
    "luvdisc": {
        "level": 95,
        "moves": ["icebeam", "protect", "substitute", "surf", "sweetkiss", "toxic"]
    },
    "salamence": {
        "level": 76,
        "moves": ["brickbreak", "dragondance", "earthquake", "fireblast", "hiddenpowerflying", "rockslide"]
    },
    "metagross": {
        "level": 78,
        "moves": ["agility", "earthquake", "explosion", "meteormash", "psychic", "rockslide"]
    },
    "regirock": {
        "level": 82,
        "moves": ["curse", "earthquake", "explosion", "rest", "rockslide", "superpower", "thunderwave"]
    },
    "regice": {
        "level": 81,
        "moves": ["explosion", "icebeam", "rest", "sleeptalk", "thunderbolt", "thunderwave", "toxic"]
    },
    "registeel": {
        "level": 82,
        "moves": ["rest", "seismictoss", "sleeptalk", "toxic"]
    },
    "latias": {
        "level": 68,
        "moves": ["calmmind", "dragonclaw", "hiddenpowerfire", "psychic", "recover"]
    },
    "latios": {
        "level": 68,
        "moves": ["calmmind", "dragonclaw", "hiddenpowerfire", "psychic", "recover"]
    },
    "kyogre": {
        "level": 69,
        "moves": ["calmmind", "icebeam", "rest", "sleeptalk", "surf", "thunder"]
    },
    "groudon": {
        "level": 72,
        "moves": ["earthquake", "hiddenpowerbug", "overheat", "rockslide", "substitute", "swordsdance", "thunderwave"]
    },
    "rayquaza": {
        "level": 72,
        "moves": ["dragondance", "earthquake", "extremespeed", "hiddenpowerflying", "overheat", "rockslide"]
    },
    "jirachi": {
        "level": 76,
        "moves": ["bodyslam", "calmmind", "firepunch", "icepunch", "protect", "psychic", "substitute", "thunderbolt", "wish"]
    },
    "deoxys": {
        "level": 74,
        "moves": ["extremespeed", "firepunch", "icebeam", "psychoboost", "shadowball", "superpower"]
    },
    "deoxysattack": {
        "level": 74,
        "moves": ["extremespeed", "firepunch", "psychoboost", "shadowball", "superpower"]
    },
    "deoxysdefense": {
        "level": 76,
        "moves": ["nightshade", "recover", "spikes", "taunt", "toxic"]
    },
    "deoxysspeed": {
        "level": 76,
        "moves": ["calmmind", "icebeam", "psychic", "recover", "spikes", "taunt", "toxic"]
    }
}
